{
   "Ayatollah Khomeini": {
      "Ayatollah Rolla Khomeini": 0.8571428571428571,
      "Ayatollah Khomeinis": 0.972972972972973,
      "Khomeinis": 0.9411764705882353,
      "Khomeinia": 0.9411764705882353,
      "Ayatolla Khomeini": 0.9714285714285714,
      "Ayatollah Khomeiniif": 0.9473684210526315,
      "Ayatollah Khomeni": 0.9714285714285714,
      "Ayotollah Khomeini": 0.9444444444444444,
      "Khomeiniif": 0.8888888888888888,
      "Khomeni": 0.9333333333333333
   },
   "David Ben-Gurion": {
      "Ben Gurion": 0.9,
      "BenGurion": 0.9473684210526315,
      "David BenGurion": 0.967741935483871,
      "David Ben Gurlon": 0.875
   },
   "Benjamin Netanyahu": {
      "Netanyahus": 0.9473684210526315,
      "Binyamin Netanyahu": 0.8888888888888888,
      "Mr Netanyahu": 0.8571428571428571
   },
   "Chiang Ching-kuo": {
      "Chiang ChingKuo": 0.9032258064516129,
      "Chiang Chingkuo": 0.967741935483871,
      "Chiang Chingkuos": 0.9375,
      "Chingkuo": 0.9411764705882353,
      "Chingkuos": 0.8888888888888888
   },
   "Chen Shui-bian": {
      "Chen Shuibian": 0.9629629629629629,
      "Shuibian": 0.9411764705882353,
      "Chen ShuiBian": 0.8888888888888888,
      "Chen Shuibien": 0.8888888888888888,
      "Chen Shulbian": 0.8888888888888888
   },
   "Chun Doo-hwan": {
      "Chun DooHwan": 0.88
   },
   "Hans-Jochen Vogel": {
      "Hans Jochen Vogel": 0.9411764705882353,
      "HansJochen Vogel": 0.9696969696969697
   }
}
